<?xml version="1.0" encoding="UTF-8" standalone="yes"?>
<!DOCTYPE CinemaList [
    <!ELEMENT CinemaList (Cinema+)>
    <!ELEMENT Cinema (Date, Movie+)>
    <!ATTLIST Cinema name CDATA #REQUIRED>
    <!ELEMENT Date (#PCDATA)>
    <!ELEMENT Movie (Title, Time, PriceFrom)>
    <!ELEMENT Title (#PCDATA)>
    <!ELEMENT Time (#PCDATA)>
    <!ELEMENT PriceFrom (#PCDATA)>
]>
<CinemaList>
    <Cinema name="Hoyts Warrawong">
        <Date>20/09/2023</Date>
        <Movie>
            <Title>Teenage Mutant Ninja Turtles: Mutant Mayhem</Title>
            <Time>12.40pm</Time>
            <PriceFrom>$24.50</PriceFrom>
        </Movie>
        <Movie>
            <Title>The Equalizer 3</Title>
            <Time>7.30pm</Time>
            <PriceFrom>$21.50</PriceFrom>
        </Movie>
        <Movie>
            <Title>My Big Fat Greek Wedding 3</Title>
            <Time>10am</Time>
            <PriceFrom>$17.50</PriceFrom>
        </Movie>
    </Cinema>
    <Cinema name="Event Cinemas Liverpool">
        <Date>20/09/2023</Date>
        <Movie>
            <Title>Miss Shetty Mr Polishetty</Title>
            <Time>09.00pm</Time>
            <PriceFrom>$14.50</PriceFrom>
        </Movie>
        <Movie>
            <Title>Meg 2: The TrenchM</Title>
            <Time>7.00pm</Time>
            <PriceFrom>$14.50</PriceFrom>
        </Movie>
    </Cinema>
    <Cinema name="Event Cinemas Shellharbour">
        <Date>20/09/2023</Date>
        <Movie>
            <Title>Barbie</Title>
            <Time>6.30pm</Time>
            <PriceFrom>$21</PriceFrom>
        </Movie>
        <Movie>
            <Title>Oppenheimer</Title>
            <Time>7.15pm</Time>
            <PriceFrom>$16</PriceFrom>
        </Movie>
    </Cinema>
</CinemaList>