{
    "student": {
        "first_name": "John",
        "last_name": "Smith",
        "student_id": "1231234"
    },
    "subjects": [
        {
            "subject_code": "MATH101",
            "credit_points": 4,
            "mark": 85,
            "grade": "A"
        },
        {
            "subject_code": "ECON111",
            "credit_points": 5,
            "mark": 70,
            "grade": "B"
        },
        {
            "subject_code": "CS100",
            "credit_points": 5,
            "mark": 80,
            "grade": "A"
        },
        {
            "subject_code": "LAW121",
            "credit_points": 6,
            "mark": 75,
            "grade": "B"
        }
    ]
}
