<?xml version="1.0" encoding="UTF-8"?>

<CarServiceRepository>
    <CarServiceStation>Wollongong</CarServiceStation>

    <Car>
        <CarPlate>CL-29-28</CarPlate>
        <Model>Nissan X-Trail</Model>
        <Year>2020</Year>

        <ServiceCard>
            <ServiceDate>15/09/2021</ServiceDate>
            <ServiceMileage>10000km</ServiceMileage>
        </ServiceCard>

        <ServiceCard>
            <ServiceDate>21/08/2022</ServiceDate>
            <ServiceMileage>20000km</ServiceMileage>
        </ServiceCard>

        <ServiceCard>
            <ServiceDate>15/07/2023</ServiceDate>
            <ServiceMileage>30000km</ServiceMileage>
        </ServiceCard>
    </Car>

    <Car>
        <CarPlate>PYU-880</CarPlate>
        <Model>BMW 330i</Model>
        <Year>2017</Year>

        <ServiceCard>
            <ServiceDate>23/04/2019</ServiceDate>
            <ServiceMileage>10000km</ServiceMileage>
        </ServiceCard>

        <ServiceCard>
            <ServiceDate>28/06/2020</ServiceDate>
            <ServiceMileage>25000km</ServiceMileage>
        </ServiceCard>

        <ServiceCard>
            <ServiceDate>01/08/2022</ServiceDate>
            <ServiceMileage>40000km</ServiceMileage>
        </ServiceCard>
    </Car>
</CarServiceRepository>