{
    "CarServiceRepository": {
      "CarServiceStation": "Wollongong",
      "Cars": [
        {
          "CarPlate": "CL-29-28",
          "Model": "Nissan X-Trail",
          "Year": 2020,
          "ServiceCard": [
            {
              "ServiceDate": "15/09/2021",
              "ServiceMileage": "10000km"
            },
            {
              "ServiceDate": "21/08/2022",
              "ServiceMileage": "20000km"
            },
            {
              "ServiceDate": "15/07/2023",
              "ServiceMileage": "30000km"
            }
          ]
        },
        {
          "CarPlate": "PYU-880",
          "Model": "BMW 330i",
          "Year": 2017,
          "ServiceCard": [
            {
              "ServiceDate": "23/04/2019",
              "ServiceMileage": "10000km"
            },
            {
              "ServiceDate": "28/06/2020",
              "ServiceMileage": "25000km"
            },
            {
              "ServiceDate": "01/08/2022",
              "ServiceMileage": "40000km"
            }
          ]
        }
      ]
    }
  }
  