<?xml version="1.0" ?>
<dailyUpdate campus="Woolloomooloo" date="24/02/2016">
  <staff operation="update">
     <staffNumber>0154728</staffNumber>
     <firstName>John</firstName>
     <lastName>Smith</lastName>
  </staff>

  <staff operation="add">
     <staffNumber>5287523</staffNumber>
     <firstName>Mary</firstName>
     <lastName>Jane</lastName>
  </staff>

  <staff operation="add">
     <staffNumber>5287521</staffNumber>
     <firstName>Mary</firstName>
     <lastName>Jane</lastName>
  </staff>

  <staff operation="add">
     <staffNumber>5287522</staffNumber>
     <firstName>Mary</firstName>
     <lastName>Jane</lastName>
  </staff>

  <staff operation="add">
     <staffNumber>5287524</staffNumber>
     <firstName>Mary</firstName>
     <lastName>Jane</lastName>
  </staff>

  <staff operation="add">
     <staffNumber>5287525</staffNumber>
     <firstName>Mary</firstName>
     <lastName>Jane</lastName>
  </staff>
</dailyUpdate>
